{"cameraMode":{"drawMode":0,"name":"Shaded","section":"Shading Mode"},"sceneLighting":false,"audioPlay":false,"sceneViewState":{"showFog":true,"showMaterialUpdate":false,"showSkybox":true,"showFlares":true,"showImageEffects":true,"showParticleSystems":true},"in2DMode":false,"pivot":{"x":0.5409445762634277,"y":0.5299606323242188,"z":0.7742408514022827},"rotation":{"x":-0.3215973675251007,"y":0.621695876121521,"z":-0.31098219752311709,"w":-0.6429507732391357},"size":8.732648849487305,"orthographic":false}