{"cameraMode":{"drawMode":0,"name":"Shaded","section":"Shading Mode"},"sceneLighting":false,"audioPlay":false,"sceneViewState":{"showFog":true,"showMaterialUpdate":false,"showSkybox":true,"showFlares":true,"showImageEffects":true,"showParticleSystems":true},"in2DMode":false,"pivot":{"x":4.019287109375,"y":6.495361328125,"z":2.80078125},"rotation":{"x":0.052764952182769778,"y":-0.02846335619688034,"z":0.0014978423714637757,"w":0.9982166886329651},"size":24.159744262695314,"orthographic":true}