{"cameraMode":{"drawMode":0,"name":"Shaded","section":"Shading Mode"},"sceneLighting":false,"audioPlay":false,"sceneViewState":{"showFog":true,"showMaterialUpdate":false,"showSkybox":true,"showFlares":true,"showImageEffects":true,"showParticleSystems":true},"in2DMode":false,"pivot":{"x":-0.08919602632522583,"y":0.7380194664001465,"z":-1.3196918964385987},"rotation":{"x":-0.09923587739467621,"y":0.8589015603065491,"z":-0.18200084567070008,"w":-0.4683263897895813},"size":0.7105318903923035,"orthographic":false}