{"cameraMode":{"drawMode":0,"name":"Shaded","section":"Shading Mode"},"sceneLighting":false,"audioPlay":false,"sceneViewState":{"showFog":true,"showMaterialUpdate":false,"showSkybox":true,"showFlares":true,"showImageEffects":true,"showParticleSystems":true},"in2DMode":false,"pivot":{"x":0.0,"y":0.8473823070526123,"z":-0.001999974250793457},"rotation":{"x":-0.3215973675251007,"y":0.621695876121521,"z":-0.31098219752311709,"w":-0.6429507732391357},"size":5.103457450866699,"orthographic":false}