{"cameraMode":{"drawMode":0,"name":"Shaded","section":"Shading Mode"},"sceneLighting":false,"audioPlay":false,"sceneViewState":{"showFog":true,"showMaterialUpdate":false,"showSkybox":true,"showFlares":true,"showImageEffects":true,"showParticleSystems":true},"in2DMode":false,"pivot":{"x":-0.01249992847442627,"y":0.8080960512161255,"z":0.1321781873703003},"rotation":{"x":-0.3215973675251007,"y":0.621695876121521,"z":-0.31098219752311709,"w":-0.6429507732391357},"size":6.087185382843018,"orthographic":false}