{"cameraMode":{"drawMode":0,"name":"Shaded","section":"Shading Mode"},"sceneLighting":false,"audioPlay":false,"sceneViewState":{"showFog":true,"showMaterialUpdate":false,"showSkybox":true,"showFlares":true,"showImageEffects":true,"showParticleSystems":true},"in2DMode":false,"pivot":{"x":-0.25471019744873049,"y":2.9946396350860597,"z":0.06736183166503906},"rotation":{"x":-0.09923587739467621,"y":0.8589015603065491,"z":-0.18200084567070008,"w":-0.4683263897895813},"size":20.014062881469728,"orthographic":false}