{"cameraMode":{"drawMode":0,"name":"Shaded","section":"Shading Mode"},"sceneLighting":false,"audioPlay":false,"sceneViewState":{"showFog":true,"showMaterialUpdate":false,"showSkybox":true,"showFlares":true,"showImageEffects":true,"showParticleSystems":true},"in2DMode":false,"pivot":{"x":55.56999969482422,"y":156.07000732421876,"z":-64.08020782470703},"rotation":{"x":-0.3215973675251007,"y":0.621695876121521,"z":-0.31098219752311709,"w":-0.6429507732391357},"size":46.00290298461914,"orthographic":false}