{"cameraMode":{"drawMode":0,"name":"Shaded","section":"Shading Mode"},"sceneLighting":false,"audioPlay":false,"sceneViewState":{"showFog":true,"showMaterialUpdate":false,"showSkybox":true,"showFlares":true,"showImageEffects":true,"showParticleSystems":true},"in2DMode":false,"pivot":{"x":3.9542531967163088,"y":3.8827128410339357,"z":1.0198407173156739},"rotation":{"x":-0.09923587739467621,"y":0.8589015603065491,"z":-0.18200084567070008,"w":-0.4683263897895813},"size":36.149131774902347,"orthographic":false}