{"cameraMode":{"drawMode":0,"name":"Shaded","section":"Shading Mode"},"sceneLighting":false,"audioPlay":false,"sceneViewState":{"showFog":true,"showMaterialUpdate":false,"showSkybox":true,"showFlares":true,"showImageEffects":true,"showParticleSystems":true},"in2DMode":false,"pivot":{"x":-0.028920650482177736,"y":0.3491615056991577,"z":0.0},"rotation":{"x":-0.3215973675251007,"y":0.621695876121521,"z":-0.31098219752311709,"w":-0.6429507732391357},"size":8.424756050109864,"orthographic":false}